,Airline,AirlineID,Departure,DepartureID,Arrival,ArrivalID,Codeshare,Stops,Equipment,Keep
995,4B,\N,LAS,3877,LAX,3484,,0,PL2,2
996,4B,\N,LAX,3484,LAS,3877,,0,PL2,2
3570,9E,3976,ATL,3682,MSP,3858,,0,,2
3592,9E,3976,MSP,3858,ATL,3682,,0,,2
4697,AA,24,ATL,3682,CLT,3876,Y,0,319 320 CR9 321,2
4698,AA,24,ATL,3682,DFW,3670,,0,M80 319 M83,2
4700,AA,24,ATL,3682,MIA,3576,,0,738,2
4701,AA,24,ATL,3682,ORD,3830,Y,0,CR7 E75,2
4702,AA,24,ATL,3682,PHL,3752,Y,0,E75 E90 319 CRJ E70,2
4795,AA,24,BOS,3448,LAX,3484,,0,738 757,2
4796,AA,24,BOS,3448,LGA,3697,,0,E90 319,2
4802,AA,24,BOS,3448,ORD,3830,,0,738,2
4804,AA,24,BOS,3448,PHL,3752,,0,E90 319 321 320,2
4892,AA,24,CLT,3876,ATL,3682,Y,0,320 CR9 321 319,2
4953,AA,24,CLT,3876,LGA,3697,,0,321 320 319,2
5151,AA,24,DEN,3751,DFW,3670,,0,738 M83 M80,2
5152,AA,24,DEN,3751,LAX,3484,Y,0,CR7,2
5155,AA,24,DEN,3751,ORD,3830,,0,M80 M83,2
5157,AA,24,DEN,3751,PHX,3462,,0,320 321,2
5158,AA,24,DEN,3751,SEA,3577,Y,0,737,2
5165,AA,24,DFW,3670,ATL,3682,,0,M83 M80 319,2
5174,AA,24,DFW,3670,BOS,3448,,0,738 757,2
5201,AA,24,DFW,3670,DEN,3751,,0,738 M80 M83,2
5241,AA,24,DFW,3670,LAS,3877,,0,738 M80 M83 757,2
5243,AA,24,DFW,3670,LAX,3484,,0,738 763 757 M83,2
5248,AA,24,DFW,3670,LGA,3697,,0,738,2
5281,AA,24,DFW,3670,ORD,3830,,0,M80 M83,2
5286,AA,24,DFW,3670,PHL,3752,,0,738 320 319 M83 M80 E90 757,2
5311,AA,24,DFW,3670,SFO,3469,,0,738 757 763,2
5363,AA,24,DTW,3645,LGA,3697,Y,0,CR7,2
5365,AA,24,DTW,3645,ORD,3830,Y,0,E75 ERD ER4 CR7,2
5402,AA,24,EWR,3494,ORD,3830,Y,0,E75 CR7,2
5551,AA,24,IAH,3550,LAX,3484,Y,0,CR7,2
5554,AA,24,IAH,3550,ORD,3830,Y,0,CR7,2
5619,AA,24,JFK,3797,LAS,3877,,0,738,2
5620,AA,24,JFK,3797,LAX,3484,,0,32B 762,2
5626,AA,24,JFK,3797,MCO,3878,,0,763 757,2
5627,AA,24,JFK,3797,MIA,3576,,0,757 763 738,2
5640,AA,24,JFK,3797,SFO,3469,,0,32B 763,2
5675,AA,24,LAS,3877,DFW,3670,,0,M80 738 M83 757,2
5676,AA,24,LAS,3877,JFK,3797,,0,738,2
5677,AA,24,LAS,3877,LAX,3484,,0,738,2
5681,AA,24,LAS,3877,ORD,3830,,0,M83 738,2
5695,AA,24,LAX,3484,BOS,3448,,0,757 738,2
5699,AA,24,LAX,3484,DEN,3751,Y,0,CR7,2
5700,AA,24,LAX,3484,DFW,3670,,0,738 763 757 M83,2
5710,AA,24,LAX,3484,IAH,3550,Y,0,CR7,2
5712,AA,24,LAX,3484,JFK,3797,,0,32B 762,2
5714,AA,24,LAX,3484,LAS,3877,,0,738,2
5730,AA,24,LAX,3484,ORD,3830,,0,738,2
5743,AA,24,LAX,3484,SEA,3577,Y,0,737,2
5744,AA,24,LAX,3484,SFO,3469,,0,738,2
5767,AA,24,LGA,3697,BOS,3448,,0,319 E90,2
5769,AA,24,LGA,3697,CLT,3876,,0,321 319 320,2
5773,AA,24,LGA,3697,DFW,3670,,0,738,2
5774,AA,24,LGA,3697,DTW,3645,Y,0,CR7,2
5778,AA,24,LGA,3697,MIA,3576,,0,738,2
5779,AA,24,LGA,3697,ORD,3830,,0,738,2
5961,AA,24,MCO,3878,PHL,3752,,0,321 767 757 320 332,2
6002,AA,24,MIA,3576,ATL,3682,,0,738,2
6052,AA,24,MIA,3576,JFK,3797,,0,763 757 738,2
6056,AA,24,MIA,3576,LGA,3697,,0,738,2
6143,AA,24,MSP,3858,ORD,3830,Y,0,E75 CR7,2
6229,AA,24,ORD,3830,ATL,3682,Y,0,E75 CR7,2
6236,AA,24,ORD,3830,BOS,3448,,0,738,2
6254,AA,24,ORD,3830,DEN,3751,,0,M80 M83,2
6255,AA,24,ORD,3830,DFW,3670,,0,M80 M83 738,2
6258,AA,24,ORD,3830,DTW,3645,Y,0,ERD E75 ER4 CR7,2
6263,AA,24,ORD,3830,EWR,3494,Y,0,CR7 E75,2
6275,AA,24,ORD,3830,IAH,3550,Y,0,CR7,2
6280,AA,24,ORD,3830,LAS,3877,,0,M83 738,2
6281,AA,24,ORD,3830,LAX,3484,,0,738,2
6283,AA,24,ORD,3830,LGA,3697,,0,738,2
6301,AA,24,ORD,3830,MSP,3858,Y,0,E75 CR7,2
6309,AA,24,ORD,3830,PHL,3752,,0,320 321 319 E90,2
6310,AA,24,ORD,3830,PHX,3462,,0,321 738 M83 320 M80,2
6325,AA,24,ORD,3830,SEA,3577,,0,738,2
6326,AA,24,ORD,3830,SFO,3469,,0,738,2
6402,AA,24,PHL,3752,ATL,3682,Y,0,E90 319 CRJ,2
6413,AA,24,PHL,3752,BOS,3448,,0,E90 319 321 320,2
6431,AA,24,PHL,3752,DFW,3670,,0,M83 319 320 738 M80 E90 757,2
6463,AA,24,PHL,3752,MCO,3878,,0,767 321 757 320 332,2
6473,AA,24,PHL,3752,ORD,3830,,0,320 319 321 E90,2
6528,AA,24,PHX,3462,DEN,3751,,0,320 321,2
6563,AA,24,PHX,3462,ORD,3830,,0,M83 320 321 738,2
6743,AA,24,SEA,3577,DEN,3751,Y,0,737,2
6748,AA,24,SEA,3577,LAX,3484,Y,0,737,2
6756,AA,24,SEA,3577,ORD,3830,,0,738,2
6761,AA,24,SEA,3577,SFO,3469,Y,0,737,2
6768,AA,24,SFO,3469,DFW,3670,,0,738 757 763,2
6771,AA,24,SFO,3469,JFK,3797,,0,763 32B,2
6772,AA,24,SFO,3469,LAX,3484,,0,738,2
6775,AA,24,SFO,3469,ORD,3830,,0,738,2
6781,AA,24,SFO,3469,SEA,3577,Y,0,737,2
7814,AC,330,ATL,3682,DEN,3751,Y,0,CR7,2
7867,AC,330,DEN,3751,ATL,3682,Y,0,CR7,2
9028,AF,137,ATL,3682,BOS,3448,Y,0,M90 757 320 738 319,2
9043,AF,137,ATL,3682,CLT,3876,Y,0,M90 M88 319,2
9055,AF,137,ATL,3682,DEN,3751,Y,0,M90 757 738,2
9056,AF,137,ATL,3682,DFW,3670,Y,0,M88 319,2
9059,AF,137,ATL,3682,DTW,3645,Y,0,M88 M90 757,2
9066,AF,137,ATL,3682,EWR,3494,Y,0,717,2
9095,AF,137,ATL,3682,LAX,3484,Y,0,76W 763 757 739,2
9098,AF,137,ATL,3682,LGA,3697,Y,0,757 739,2
9104,AF,137,ATL,3682,MCO,3878,Y,0,757,2
9111,AF,137,ATL,3682,MIA,3576,Y,0,M90 757 320,2
9118,AF,137,ATL,3682,MSP,3858,Y,0,320 M90 757,2
9127,AF,137,ATL,3682,ORD,3830,Y,0,757 319 320 M88 M90,2
9132,AF,137,ATL,3682,PHL,3752,Y,0,320 M90 757 73H M88,2
9151,AF,137,ATL,3682,SFO,3469,Y,0,763 739 757,2
9227,AF,137,BOS,3448,ATL,3682,Y,0,757 M90 M88,2
9434,AF,137,CLT,3876,ATL,3682,Y,0,M90 M88,2
9462,AF,137,DEN,3751,ATL,3682,Y,0,757 M90 738,2
9463,AF,137,DFW,3670,ATL,3682,Y,0,M88 319,2
9475,AF,137,DTW,3645,ATL,3682,Y,0,M88 73H 320 738 739,2
9501,AF,137,EWR,3494,ATL,3682,Y,0,717 319,2
9619,AF,137,LAX,3484,ATL,3682,Y,0,763 757 76W,2
9643,AF,137,LGA,3697,ATL,3682,Y,0,M88 757,2
9707,AF,137,MCO,3878,ATL,3682,Y,0,757 M88,2
9715,AF,137,MIA,3576,ATL,3682,Y,0,M88 757 M90 73H,2
9761,AF,137,MSP,3858,ATL,3682,Y,0,320 757 M88,2
9833,AF,137,ORD,3830,ATL,3682,Y,0,717 M88,2
9876,AF,137,PHL,3752,ATL,3682,Y,0,M90 320 738 73H,2
9936,AF,137,SFO,3469,ATL,3682,Y,0,763 739 757,2
10856,AM,321,ATL,3682,BOS,3448,Y,0,M90 757 738 M88 320 319,2
10865,AM,321,ATL,3682,DEN,3751,Y,0,M90 738 757,2
10866,AM,321,ATL,3682,DTW,3645,Y,0,M88 M90 757,2
10867,AM,321,ATL,3682,EWR,3494,Y,0,717,2
10874,AM,321,ATL,3682,LGA,3697,Y,0,757 M88 739 73H 320 73W,2
10877,AM,321,ATL,3682,MCO,3878,Y,0,757,2
10880,AM,321,ATL,3682,MIA,3576,Y,0,M90,2
10881,AM,321,ATL,3682,MSP,3858,Y,0,320 757 M90 739,2
10884,AM,321,ATL,3682,PHL,3752,Y,0,757 M88 M90 73H,2
10901,AM,321,BOS,3448,ATL,3682,Y,0,757 M90 M88 320,2
10954,AM,321,DEN,3751,ATL,3682,Y,0,M90 738,2
10958,AM,321,DTW,3645,ATL,3682,Y,0,73H 757 739,2
10962,AM,321,EWR,3494,ATL,3682,Y,0,717 319,2
11029,AM,321,LGA,3697,ATL,3682,Y,0,M88 757 738,2
11046,AM,321,MCO,3878,ATL,3682,Y,0,757 753 763,2
11128,AM,321,MIA,3576,ATL,3682,Y,0,M88 M90,2
11138,AM,321,MSP,3858,ATL,3682,Y,0,320 757,2
11178,AM,321,PHL,3752,ATL,3682,Y,0,M88 757 M90,2
11210,AM,321,SFO,3469,ATL,3682,Y,0,763,2
11557,AS,439,ATL,3682,CLT,3876,Y,0,M88 M90 319,2
11562,AS,439,ATL,3682,LAX,3484,Y,0,757 76W 763 739,2
11564,AS,439,ATL,3682,MIA,3576,Y,0,757 320 73H,2
11597,AS,439,BOS,3448,LAX,3484,Y,0,738 757,2
11613,AS,439,CLT,3876,ATL,3682,Y,0,M90 M88,2
11619,AS,439,DEN,3751,LAX,3484,Y,0,CR7,2
11620,AS,439,DEN,3751,SEA,3577,,0,739 73G 73H,2
11621,AS,439,DFW,3670,LAX,3484,Y,0,738 763 757 M83,2
11625,AS,439,DFW,3670,SFO,3469,Y,0,738 757 763,2
11664,AS,439,IAH,3550,LAX,3484,Y,0,CR7,2
11670,AS,439,JFK,3797,LAX,3484,Y,0,321 762,2
11673,AS,439,JFK,3797,SFO,3469,Y,0,321 763,2
11695,AS,439,LAX,3484,ATL,3682,Y,0,763 757 73H 76W,2
11699,AS,439,LAX,3484,BOS,3448,Y,0,757 738,2
11702,AS,439,LAX,3484,DEN,3751,Y,0,CR7,2
11703,AS,439,LAX,3484,DFW,3670,Y,0,738 763 757 M83,2
11708,AS,439,LAX,3484,IAH,3550,Y,0,CR7,2
11710,AS,439,LAX,3484,JFK,3797,Y,0,321 762,2
11724,AS,439,LAX,3484,ORD,3830,Y,0,738,2
11733,AS,439,LAX,3484,SEA,3577,,0,73H 734 739 73J 73G,2
11734,AS,439,LAX,3484,SFO,3469,Y,0,738,2
11765,AS,439,MIA,3576,ATL,3682,Y,0,M88 757 M90 73H,2
11800,AS,439,ORD,3830,LAX,3484,Y,0,738,2
11804,AS,439,ORD,3830,SEA,3577,,0,73H 739 73J,2
11805,AS,439,ORD,3830,SFO,3469,Y,0,738,2
11920,AS,439,SEA,3577,DEN,3751,,0,73G 73H 739,2
11938,AS,439,SEA,3577,LAX,3484,,0,73J 739 73G 734 73H,2
11951,AS,439,SEA,3577,ORD,3830,,0,739 73J 73H,2
11963,AS,439,SEA,3577,SFO,3469,,0,73J 734 73G 73H 739,2
11977,AS,439,SFO,3469,DFW,3670,Y,0,738 757 763,2
11978,AS,439,SFO,3469,JFK,3797,Y,0,763 321,2
11979,AS,439,SFO,3469,LAX,3484,Y,0,738,2
11981,AS,439,SFO,3469,ORD,3830,Y,0,738,2
11985,AS,439,SFO,3469,SEA,3577,,0,73H 734 73G 73J 739,2
12971,AZ,596,ATL,3682,BOS,3448,Y,0,M90 757 319,2
12978,AZ,596,ATL,3682,CLT,3876,Y,0,M88,2
12984,AZ,596,ATL,3682,DEN,3751,Y,0,M90,2
12985,AZ,596,ATL,3682,DFW,3670,Y,0,M88,2
12986,AZ,596,ATL,3682,DTW,3645,Y,0,M90,2
12988,AZ,596,ATL,3682,EWR,3494,Y,0,717,2
13006,AZ,596,ATL,3682,LAX,3484,Y,0,763,2
13009,AZ,596,ATL,3682,MCO,3878,Y,0,757,2
13012,AZ,596,ATL,3682,MIA,3576,Y,0,M88 757 M90 73H,2
13014,AZ,596,ATL,3682,MSP,3858,Y,0,M90,2
13020,AZ,596,ATL,3682,ORD,3830,Y,0,757 717 M88,2
13024,AZ,596,ATL,3682,PHL,3752,Y,0,M88 757,2
13206,AZ,596,CLT,3876,ATL,3682,Y,0,M90,2
13246,AZ,596,DEN,3751,ATL,3682,Y,0,757,2
13247,AZ,596,DFW,3670,ATL,3682,Y,0,M88,2
13249,AZ,596,DTW,3645,ATL,3682,Y,0,M88 73H M90 757,2
13260,AZ,596,EWR,3494,ATL,3682,Y,0,717,2
13507,AZ,596,MCO,3878,ATL,3682,Y,0,757 76W M88,2
13516,AZ,596,MIA,3576,ATL,3682,Y,0,M88 M90,2
13590,AZ,596,ORD,3830,ATL,3682,Y,0,M88,2
13607,AZ,596,PHL,3752,ATL,3682,Y,0,M88 M90 738,2
13662,AZ,596,SFO,3469,ATL,3682,Y,0,763,2
13924,B6,3029,BOS,3448,EWR,3494,,0,E90,2
13931,B6,3029,BOS,3448,LAX,3484,,0,320,2
13936,B6,3029,BOS,3448,ORD,3830,,0,320 E90,2
13939,B6,3029,BOS,3448,PHL,3752,,0,E90,2
13951,B6,3029,BOS,3448,SFO,3469,,0,320,2
13982,B6,3029,DFW,3670,BOS,3448,,0,E90,2
13994,B6,3029,EWR,3494,BOS,3448,,0,E90,2
13996,B6,3029,EWR,3494,MCO,3878,,0,320,2
14070,B6,3029,JFK,3797,LAS,3877,,0,320,2
14071,B6,3029,JFK,3797,LAX,3484,,0,320,2
14076,B6,3029,JFK,3797,MCO,3878,,0,320 E90,2
14099,B6,3029,JFK,3797,SFO,3469,,0,320,2
14114,B6,3029,LAS,3877,JFK,3797,,0,320,2
14116,B6,3029,LAX,3484,BOS,3448,,0,320,2
14119,B6,3029,LAX,3484,JFK,3797,,0,320,2
14151,B6,3029,MCO,3878,EWR,3494,,0,320,2
14177,B6,3029,ORD,3830,BOS,3448,,0,320 E90,2
14194,B6,3029,PHL,3752,BOS,3448,,0,E90,2
14238,B6,3029,SFO,3469,BOS,3448,,0,320,2
14241,B6,3029,SFO,3469,JFK,3797,,0,320,2
14416,BA,1355,ATL,3682,DFW,3670,,0,,2
14418,BA,1355,ATL,3682,MIA,3576,Y,0,738 ERD,2
14419,BA,1355,ATL,3682,ORD,3830,Y,0,E75 CR7,2
14482,BA,1355,DFW,3670,ATL,3682,Y,0,M80 M83,2
14815,BA,1355,MIA,3576,ATL,3682,Y,0,ER4 738,2
14853,BA,1355,ORD,3830,ATL,3682,Y,0,E75 CR7 74N,2
17393,CI,1756,ATL,3682,DFW,3670,,0,74Y,2
17394,CI,1756,ATL,3682,LAX,3484,Y,0,763,2
17395,CI,1756,ATL,3682,SFO,3469,Y,0,739 757,2
17456,CI,1756,LAX,3484,ATL,3682,Y,0,757 73H 76W,2
17480,CI,1756,SFO,3469,ATL,3682,Y,0,739 757,2
17817,CX,1680,ATL,3682,ORD,3830,Y,0,E75,2
17992,CX,1680,ORD,3830,ATL,3682,Y,0,CR7,2
20076,DL,2009,ATL,3682,BOS,3448,,0,M90 757 320 738 M88  319,2
20094,DL,2009,ATL,3682,CLT,3876,,0,M90 M88 319,2
20106,DL,2009,ATL,3682,DEN,3751,,0,M90 738 757,2
20107,DL,2009,ATL,3682,DFW,3670,,0,M88 319 738,2
20110,DL,2009,ATL,3682,DTW,3645,,0,320 M88 73H M90 757 739,2
20118,DL,2009,ATL,3682,EWR,3494,,0,717 319,2
20162,DL,2009,ATL,3682,LAX,3484,,0,757 76W 763 739,2
20165,DL,2009,ATL,3682,LGA,3697,,0,320 757 M88 738 739 73H 73W,2
20176,DL,2009,ATL,3682,MCO,3878,,0,757 763 739 753,2
20184,DL,2009,ATL,3682,MIA,3576,,0,M88 M90 757 320 73H ,2
20191,DL,2009,ATL,3682,MSP,3858,,0,757 320 M90 73H 739 738,2
20201,DL,2009,ATL,3682,ORD,3830,,0,757 319 320 717 M88 M90,2
20207,DL,2009,ATL,3682,PHL,3752,,0,757 320 M88 M90 73H,2
20234,DL,2009,ATL,3682,SFO,3469,,0,739 757 763,2
20333,DL,2009,BOS,3448,ATL,3682,,0,M90 757 M88 320 319,2
20346,DL,2009,BOS,3448,LAX,3484,,0,73H,2
20347,DL,2009,BOS,3448,LGA,3697,Y,0,E75,2
20437,DL,2009,CLT,3876,ATL,3682,,0,M90 M88,2
20441,DL,2009,CLT,3876,LGA,3697,,0,CR7,2
20540,DL,2009,DEN,3751,ATL,3682,,0,757 M90 738,2
20546,DL,2009,DEN,3751,MSP,3858,,0,M90 320 738 757,2
20549,DL,2009,DFW,3670,ATL,3682,,0,M88 319,2
20554,DL,2009,DFW,3670,LGA,3697,,0,E75,2
20576,DL,2009,DTW,3645,ATL,3682,,0,M88 73H 757 320 738 739 M90 753,2
20638,DL,2009,DTW,3645,LGA,3697,,0,320 M88 319,2
20664,DL,2009,DTW,3645,ORD,3830,,0,717 M90,2
20720,DL,2009,EWR,3494,ATL,3682,,0,717 319,2
20952,DL,2009,JFK,3797,LAS,3877,,0,73H 738 757,2
20953,DL,2009,JFK,3797,LAX,3484,,0,76W 752,2
20958,DL,2009,JFK,3797,MCO,3878,,0,752 73H M88 738,2
20960,DL,2009,JFK,3797,MIA,3576,,0,73H M88 738 319,2
20986,DL,2009,JFK,3797,SFO,3469,,0,752,2
21020,DL,2009,LAS,3877,JFK,3797,,0,738 757 73H,2
21021,DL,2009,LAS,3877,LAX,3484,,0,319,2
21036,DL,2009,LAX,3484,ATL,3682,,0,763 757 73H 76W,2
21040,DL,2009,LAX,3484,BOS,3448,,0,73H,2
21058,DL,2009,LAX,3484,JFK,3797,,0,76W 752,2
21060,DL,2009,LAX,3484,LAS,3877,,0,319,2
21082,DL,2009,LAX,3484,SEA,3577,,0,73H,2
21083,DL,2009,LAX,3484,SFO,3469,Y,0,E75,2
21100,DL,2009,LGA,3697,ATL,3682,,0,M88 757 320 738 739 73W,2
21105,DL,2009,LGA,3697,BOS,3448,Y,0,E75,2
21112,DL,2009,LGA,3697,CLT,3876,,0,E75 CR7,2
21118,DL,2009,LGA,3697,DFW,3670,,0,E75,2
21120,DL,2009,LGA,3697,DTW,3645,,0,319 M88 738,2
21135,DL,2009,LGA,3697,MIA,3576,,0,M88 320 738,2
21142,DL,2009,LGA,3697,ORD,3830,Y,0,E75 E70,2
21209,DL,2009,MCO,3878,ATL,3682,,0,757 76W  739 M88 753 763,2
21294,DL,2009,MIA,3576,ATL,3682,,0,M88 757 M90 73H ,2
21298,DL,2009,MIA,3576,JFK,3797,,0,M88 73H 738 319,2
21300,DL,2009,MIA,3576,LGA,3697,,0,320 M88 738,2
21342,DL,2009,MSP,3858,ATL,3682,,0,320 757 739 M88 M90,2
21369,DL,2009,MSP,3858,DEN,3751,,0,M90 320,2
21421,DL,2009,MSP,3858,ORD,3830,,0,M90 M88 320 319,2
21532,DL,2009,ORD,3830,ATL,3682,,0,717 M88 319,2
21535,DL,2009,ORD,3830,DTW,3645,,0,717,2
21540,DL,2009,ORD,3830,LGA,3697,Y,0,E75 E70,2
21544,DL,2009,ORD,3830,MSP,3858,,0,M88 M90 320 319,2
21573,DL,2009,PHL,3752,ATL,3682,,0,M88 M90 757 320 738 73H,2
21735,DL,2009,SEA,3577,LAX,3484,,0,73H,2
21742,DL,2009,SEA,3577,SFO,3469,Y,0,E75 734,2
21746,DL,2009,SFO,3469,ATL,3682,,0,763 739 757,2
21752,DL,2009,SFO,3469,JFK,3797,,0,752,2
21753,DL,2009,SFO,3469,LAX,3484,Y,0,E75,2
21759,DL,2009,SFO,3469,SEA,3577,Y,0,E75 734,2
22849,EI,837,ATL,3682,ORD,3830,Y,0,CR7 ERJ E70,2
23010,EI,837,ORD,3830,ATL,3682,Y,0,CR7 E70,2
24038,EY,2222,ATL,3682,ORD,3830,Y,0,E75 CR7,2
24194,EY,2222,JFK,3797,LAS,3877,Y,0,738,2
24203,EY,2222,LAS,3877,JFK,3797,Y,0,767 757,2
24230,EY,2222,ORD,3830,ATL,3682,Y,0,E75,2
24317,F9,2468,ATL,3682,DEN,3751,,0,319,2
24351,F9,2468,DEN,3751,ATL,3682,,0,319,2
24365,F9,2468,DEN,3751,DFW,3670,,0,319 320,2
24379,F9,2468,DEN,3751,LAS,3877,,0,320 319,2
24380,F9,2468,DEN,3751,LAX,3484,,0,319 320,2
24392,F9,2468,DEN,3751,MSP,3858,,0,319 320,2
24398,F9,2468,DEN,3751,PHX,3462,,0,320 319,2
24405,F9,2468,DEN,3751,SEA,3577,,0,319 320,2
24406,F9,2468,DEN,3751,SFO,3469,,0,320 319,2
24414,F9,2468,DFW,3670,DEN,3751,,0,319 320,2
24441,F9,2468,LAS,3877,DEN,3751,,0,319 320,2
24442,F9,2468,LAX,3484,DEN,3751,,0,320 319,2
24467,F9,2468,MSP,3858,DEN,3751,,0,319 320,2
24480,F9,2468,PHX,3462,DEN,3751,,0,319 320,2
24502,F9,2468,SEA,3577,DEN,3751,,0,320 319,2
24503,F9,2468,SFO,3469,DEN,3751,,0,320 319,2
24859,FL,1316,ATL,3682,BOS,3448,,0,717,2
24866,FL,1316,ATL,3682,DEN,3751,,0,73G,2
24867,FL,1316,ATL,3682,DTW,3645,,0,717 73G,2
24873,FL,1316,ATL,3682,LAX,3484,,0,73G,2
24874,FL,1316,ATL,3682,LGA,3697,,0,717,2
24877,FL,1316,ATL,3682,MCO,3878,,0,717 73G,2
24880,FL,1316,ATL,3682,MSP,3858,,0,717,2
24886,FL,1316,ATL,3682,PHL,3752,,0,717,2
24896,FL,1316,ATL,3682,SFO,3469,,0,73G,2
24931,FL,1316,BOS,3448,ATL,3682,,0,717,2
25035,FL,1316,DEN,3751,ATL,3682,,0,73G,2
25042,FL,1316,DEN,3751,LAS,3877,Y,0,73C 73W 73H,2
25043,FL,1316,DEN,3751,LAX,3484,Y,0,73W 73C,2
25048,FL,1316,DEN,3751,MSP,3858,Y,0,73W 73H,2
25054,FL,1316,DEN,3751,PHX,3462,Y,0,73W,2
25066,FL,1316,DTW,3645,ATL,3682,,0,717 73G,2
25146,FL,1316,LAS,3877,DEN,3751,Y,0,73C 73W,2
25149,FL,1316,LAS,3877,LAX,3484,Y,0,73W,2
25165,FL,1316,LAX,3484,ATL,3682,,0,73G,2
25166,FL,1316,LAX,3484,DEN,3751,Y,0,73W,2
25168,FL,1316,LAX,3484,LAS,3877,Y,0,73W,2
25177,FL,1316,LGA,3697,ATL,3682,,0,717,2
25207,FL,1316,MCO,3878,ATL,3682,,0,717 73G,2
25230,FL,1316,MCO,3878,PHL,3752,Y,0,73W,2
25331,FL,1316,MSP,3858,ATL,3682,,0,717,2
25332,FL,1316,MSP,3858,DEN,3751,Y,0,73C,2
25388,FL,1316,PHL,3752,ATL,3682,,0,717,2
25392,FL,1316,PHL,3752,MCO,3878,Y,0,73W 73C,2
25397,FL,1316,PHX,3462,DEN,3751,Y,0,73H 73W 73C,2
25469,FL,1316,SEA,3577,DEN,3751,Y,0,73W,2
25478,FL,1316,SFO,3469,ATL,3682,,0,73G,2
25479,FL,1316,SFO,3469,DEN,3751,Y,0,73W,2
30654,HA,2688,JFK,3797,LAS,3877,Y,0,320,2
30659,HA,2688,LAS,3877,JFK,3797,Y,0,320,2
30660,HA,2688,LAS,3877,SFO,3469,Y,0,320,2
30687,HA,2688,SFO,3469,LAS,3877,Y,0,320,2
32250,IB,2822,ATL,3682,MIA,3576,Y,0,738,2
32251,IB,2822,ATL,3682,ORD,3830,Y,0,E75,2
32767,IB,2822,MIA,3576,ATL,3682,Y,0,ER4 738,2
32808,IB,2822,ORD,3830,ATL,3682,Y,0,CR7,2
34787,JL,2987,ORD,3830,ATL,3682,Y,0,E75,2
36327,KL,3090,ATL,3682,BOS,3448,Y,0,757 320 319,2
36341,KL,3090,ATL,3682,CLT,3876,Y,0,M88 M90 319,2
36353,KL,3090,ATL,3682,DEN,3751,Y,0,757 M90,2
36354,KL,3090,ATL,3682,DFW,3670,Y,0,M88,2
36357,KL,3090,ATL,3682,DTW,3645,Y,0,320 73H M90 757,2
36364,KL,3090,ATL,3682,EWR,3494,Y,0,717,2
36394,KL,3090,ATL,3682,LAX,3484,Y,0,763 757 739,2
36397,KL,3090,ATL,3682,LGA,3697,Y,0,738 M88 757,2
36403,KL,3090,ATL,3682,MCO,3878,Y,0,757 739,2
36410,KL,3090,ATL,3682,MIA,3576,Y,0,757 320,2
36417,KL,3090,ATL,3682,MSP,3858,Y,0,757 M90,2
36425,KL,3090,ATL,3682,ORD,3830,Y,0,757 319 320 M90 M88,2
36430,KL,3090,ATL,3682,PHL,3752,Y,0,M90 757 M88,2
36448,KL,3090,ATL,3682,SFO,3469,Y,0,739 763 757,2
36503,KL,3090,BOS,3448,ATL,3682,Y,0,757 M90 M88,2
36548,KL,3090,CLT,3876,ATL,3682,Y,0,M90 M88,2
36579,KL,3090,DEN,3751,ATL,3682,Y,0,757 M90,2
36581,KL,3090,DFW,3670,ATL,3682,Y,0,M88 319,2
36593,KL,3090,DTW,3645,ATL,3682,Y,0,M88 73H 757 320 738 739,2
36611,KL,3090,EWR,3494,ATL,3682,Y,0,717 319,2
36735,KL,3090,LAX,3484,ATL,3682,Y,0,757,2
36747,KL,3090,LGA,3697,ATL,3682,Y,0,757 M88 73W,2
36779,KL,3090,MCO,3878,ATL,3682,Y,0,757 739,2
36790,KL,3090,MIA,3576,ATL,3682,Y,0,757 M88 M90,2
36801,KL,3090,MSP,3858,ATL,3682,Y,0,320 757 739,2
36849,KL,3090,ORD,3830,ATL,3682,Y,0,717 M88 319,2
36861,KL,3090,PHL,3752,ATL,3682,Y,0,M90 320 M88 73H,2
36895,KL,3090,SFO,3469,ATL,3682,Y,0,763 757,2
36897,KL,3090,SFO,3469,SEA,3577,Y,0,734,2
37999,LH,3320,ATL,3682,ORD,3830,Y,0,CR7,2
38707,LH,3320,ORD,3830,ATL,3682,Y,0,CR7 E70,2
40496,MH,3378,ATL,3682,ORD,3830,Y,0,E75 CR7,2
40750,MH,3378,ORD,3830,ATL,3682,Y,0,E75 CR7,2
42751,NH,324,ATL,3682,ORD,3830,Y,0,CR7,2
43199,NH,324,ORD,3830,ATL,3682,Y,0,CR7,2
43335,NK,4687,ATL,3682,DFW,3670,,0,320,2
43344,NK,4687,BOS,3448,ORD,3830,,0,319,2
43356,NK,4687,DEN,3751,DFW,3670,,0,320 319,2
43360,NK,4687,DEN,3751,LAS,3877,,0,319,2
43361,NK,4687,DEN,3751,MSP,3858,,0,319,2
43362,NK,4687,DEN,3751,ORD,3830,,0,320,2
43363,NK,4687,DEN,3751,PHX,3462,,0,320 319,2
43364,NK,4687,DFW,3670,ATL,3682,,0,320,2
43365,NK,4687,DFW,3670,BOS,3448,,0,319,2
43368,NK,4687,DFW,3670,DEN,3751,,0,320 319,2
43371,NK,4687,DFW,3670,LAS,3877,,0,319 320,2
43372,NK,4687,DFW,3670,LAX,3484,,0,319,2
43373,NK,4687,DFW,3670,LGA,3697,,0,319,2
43379,NK,4687,DFW,3670,ORD,3830,,0,320,2
43381,NK,4687,DFW,3670,PHL,3752,,0,320,2
43394,NK,4687,DTW,3645,LGA,3697,,0,320,2
43447,NK,4687,IAH,3550,LAX,3484,,0,320,2
43450,NK,4687,IAH,3550,ORD,3830,,0,319,2
43453,NK,4687,LAS,3877,DEN,3751,,0,319,2
43454,NK,4687,LAS,3877,DFW,3670,,0,320 319,2
43458,NK,4687,LAS,3877,LAX,3484,,0,319,2
43461,NK,4687,LAS,3877,ORD,3830,,0,319 320,2
43465,NK,4687,LAX,3484,DFW,3670,,0,319,2
43468,NK,4687,LAX,3484,IAH,3550,,0,320,2
43469,NK,4687,LAX,3484,LAS,3877,,0,319,2
43471,NK,4687,LAX,3484,ORD,3830,,0,319,2
43475,NK,4687,LGA,3697,DFW,3670,,0,319,2
43476,NK,4687,LGA,3697,DTW,3645,,0,320,2
43479,NK,4687,LGA,3697,ORD,3830,,0,320,2
43493,NK,4687,MSP,3858,DEN,3751,,0,319,2
43498,NK,4687,MSP,3858,ORD,3830,,0,320 319,2
43517,NK,4687,ORD,3830,BOS,3448,,0,319,2
43518,NK,4687,ORD,3830,DEN,3751,,0,320,2
43519,NK,4687,ORD,3830,DFW,3670,,0,320,2
43521,NK,4687,ORD,3830,IAH,3550,,0,319,2
43522,NK,4687,ORD,3830,LAS,3877,,0,320 319,2
43523,NK,4687,ORD,3830,LAX,3484,,0,319,2
43524,NK,4687,ORD,3830,LGA,3697,,0,320,2
43526,NK,4687,ORD,3830,MSP,3858,,0,319 320,2
43537,NK,4687,PHL,3752,DFW,3670,,0,320,2
43540,NK,4687,PHX,3462,DEN,3751,,0,320 319,2
43888,NZ,345,ATL,3682,SFO,3469,Y,0,738,2
44023,NZ,345,SFO,3469,ATL,3682,Y,0,738,2
44937,OZ,28,ATL,3682,ORD,3830,Y,0,CR7,2
45128,OZ,28,ORD,3830,ATL,3682,Y,0,E70 CR7,2
46763,QF,4089,ATL,3682,DFW,3670,Y,0,M80 319 M83,2
46764,QF,4089,ATL,3682,ORD,3830,Y,0,E75 CR7,2
46855,QF,4089,DFW,3670,ATL,3682,Y,0,M83 M80 319,2
46944,QF,4089,JFK,3797,LAX,3484,,0,744,2
46963,QF,4089,LAX,3484,JFK,3797,,0,744,2
47039,QF,4089,ORD,3830,ATL,3682,Y,0,E75 CR7,2
47295,QR,4091,ATL,3682,ORD,3830,Y,0,CR7,2
47487,QR,4091,JFK,3797,LAS,3877,Y,0,738,2
47505,QR,4091,LAS,3877,JFK,3797,Y,0,757,2
47530,QR,4091,ORD,3830,ATL,3682,Y,0,CR7,2
50488,SQ,4435,LAX,3484,ORD,3830,Y,0,320,2
55801,UA,5209,ATL,3682,DEN,3751,Y,0,CR7,2
55802,UA,5209,ATL,3682,EWR,3494,Y,0,ERJ,2
55806,UA,5209,ATL,3682,LGA,3697,,0,738,2
55807,UA,5209,ATL,3682,ORD,3830,Y,0,CR7 ERJ E70,2
55808,UA,5209,ATL,3682,SFO,3469,,0,738,2
55879,UA,5209,BOS,3448,EWR,3494,,0,73G 738 319 320 739 753 752,2
55883,UA,5209,BOS,3448,LAX,3484,,0,752,2
55885,UA,5209,BOS,3448,ORD,3830,,0,739 752 738 73G 319 320 753,2
55887,UA,5209,BOS,3448,SFO,3469,,0,752 753 739 738 73G,2
56083,UA,5209,DEN,3751,ATL,3682,Y,0,CR7,2
56106,UA,5209,DEN,3751,DFW,3670,,0,319 739 73G,2
56141,UA,5209,DEN,3751,LAS,3877,,0,738 320 739 752,2
56142,UA,5209,DEN,3751,LAX,3484,,0,739 320 319 738 753 752,2
56161,UA,5209,DEN,3751,MSP,3858,,0,320,2
56169,UA,5209,DEN,3751,ORD,3830,,0,739 752 738 319 320 73G,2
56172,UA,5209,DEN,3751,PHX,3462,,0,739 738 320,2
56190,UA,5209,DEN,3751,SEA,3577,,0,320 738 739,2
56191,UA,5209,DEN,3751,SFO,3469,,0,752 738 320 739 73G 319 753,2
56216,UA,5209,DFW,3670,DEN,3751,,0,319 738 320 739,2
56221,UA,5209,DFW,3670,LAX,3484,Y,0,CR7,2
56222,UA,5209,DFW,3670,ORD,3830,,0,319,2
56224,UA,5209,DFW,3670,SFO,3469,,0,319 739,2
56252,UA,5209,DTW,3645,ORD,3830,,0,320,2
56284,UA,5209,EWR,3494,ATL,3682,Y,0,ERJ,2
56295,UA,5209,EWR,3494,BOS,3448,,0,738 73G 320 319 739,2
56339,UA,5209,EWR,3494,LAX,3484,,0,739 738 319 752 753,2
56348,UA,5209,EWR,3494,MCO,3878,,0,738 320 752 739 73G,2
56364,UA,5209,EWR,3494,ORD,3830,,0,73G 320 738 752 319 739 763,2
56393,UA,5209,EWR,3494,SFO,3469,,0,739 319 738 752 73G,2
56771,UA,5209,IAH,3550,LAX,3484,,0,752 739 738 753 320 319,2
56807,UA,5209,IAH,3550,ORD,3830,,0,752 739 73G 319 738 320 753,2
56907,UA,5209,JFK,3797,LAX,3484,,0,757,2
56913,UA,5209,JFK,3797,SFO,3469,,0,757,2
56940,UA,5209,LAS,3877,DEN,3751,,0,320 752 319 738 739,2
56945,UA,5209,LAS,3877,LAX,3484,,0,752 738 319 320 739,2
56946,UA,5209,LAS,3877,ORD,3830,,0,73G 738 739 320 752 319,2
56949,UA,5209,LAS,3877,SFO,3469,,0,739 738 320 752 319 753,2
56957,UA,5209,LAX,3484,BOS,3448,,0,752 753 320 739,2
56963,UA,5209,LAX,3484,DEN,3751,,0,752 739 738 320 753 319,2
56964,UA,5209,LAX,3484,DFW,3670,Y,0,CR7,2
56966,UA,5209,LAX,3484,EWR,3494,,0,738 319 752 739 320 753,2
56973,UA,5209,LAX,3484,IAH,3550,,0,739 320 738 319 752 753,2
56978,UA,5209,LAX,3484,JFK,3797,,0,757,2
56980,UA,5209,LAX,3484,LAS,3877,,0,739 319 738 320 752,2
56992,UA,5209,LAX,3484,ORD,3830,,0,739 738 752 320 319 753,2
57007,UA,5209,LAX,3484,SEA,3577,,0,319 738 320 752,2
57008,UA,5209,LAX,3484,SFO,3469,,0,739 752 753 319 320 738,2
57036,UA,5209,LGA,3697,ORD,3830,,0,319 320 738 73G 752,2
57089,UA,5209,MCO,3878,EWR,3494,,0,752 738 739 320,2
57174,UA,5209,MSP,3858,DEN,3751,,0,320,2
57179,UA,5209,MSP,3858,ORD,3830,,0,73G 738 319,2
57256,UA,5209,ORD,3830,ATL,3682,Y,0,CR7 E70,2
57265,UA,5209,ORD,3830,BOS,3448,,0,320 752 739 738 73G 319,2
57287,UA,5209,ORD,3830,DEN,3751,,0,752 738 320 739 73G 753 319,2
57288,UA,5209,ORD,3830,DFW,3670,,0,73G 738 320,2
57291,UA,5209,ORD,3830,DTW,3645,,0,320,2
57296,UA,5209,ORD,3830,EWR,3494,,0,319 320 73G 763 752 739 738,2
57313,UA,5209,ORD,3830,IAH,3550,,0,739 738 752 320 73G 319,2
57319,UA,5209,ORD,3830,LAS,3877,,0,738 752 320 319 73G 739 753,2
57320,UA,5209,ORD,3830,LAX,3484,,0,738 753 320 739 752 319,2
57322,UA,5209,ORD,3830,LGA,3697,,0,738 320 319 752 73G,2
57339,UA,5209,ORD,3830,MSP,3858,,0,73G 738 319 320,2
57353,UA,5209,ORD,3830,PHL,3752,,0,320 738 739 752 73G,2
57354,UA,5209,ORD,3830,PHX,3462,,0,752 320 739 738,2
57376,UA,5209,ORD,3830,SEA,3577,,0,320 752 738 739,2
57377,UA,5209,ORD,3830,SFO,3469,,0,752 739 320 738 753 319 777,2
57453,UA,5209,PHL,3752,ORD,3830,,0,320 738 739 752 73G 319,2
57457,UA,5209,PHX,3462,DEN,3751,,0,738 752 739 320,2
57462,UA,5209,PHX,3462,ORD,3830,,0,319 739 738 320 752,2
57612,UA,5209,SEA,3577,DEN,3751,,0,738 320 739 752 753 319,2
57618,UA,5209,SEA,3577,LAX,3484,,0,739 320,2
57620,UA,5209,SEA,3577,ORD,3830,,0,738 320 739 752 319,2
57622,UA,5209,SEA,3577,SFO,3469,,0,319 739 320 738 752,2
57627,UA,5209,SFO,3469,ATL,3682,,0,738,2
57631,UA,5209,SFO,3469,BOS,3448,,0,752 753 738 739 319 320,2
57641,UA,5209,SFO,3469,DEN,3751,,0,752 739 738 320 319,2
57642,UA,5209,SFO,3469,DFW,3670,,0,319 738 739,2
57644,UA,5209,SFO,3469,EWR,3494,,0,320 739 752 319 738 73G,2
57655,UA,5209,SFO,3469,JFK,3797,,0,757,2
57658,UA,5209,SFO,3469,LAS,3877,,0,752 738 739 320 319,2
57659,UA,5209,SFO,3469,LAX,3484,,0,319 320 752 738 753 739,2
57676,UA,5209,SFO,3469,ORD,3830,,0,738 739 752 320 753 319 777 73G,2
57696,UA,5209,SFO,3469,SEA,3577,,0,319 738 739 320 752 753,2
58601,US,5265,ATL,3682,CLT,3876,,0,319 320 321,2
58602,US,5265,ATL,3682,DFW,3670,Y,0,M80 319 M83,2
58603,US,5265,ATL,3682,MIA,3576,Y,0,738 ERD ER4,2
58604,US,5265,ATL,3682,ORD,3830,Y,0,CR7 E75,2
58605,US,5265,ATL,3682,PHL,3752,,0,E90 319,2
58672,US,5265,BOS,3448,LAX,3484,,0,738 757,2
58673,US,5265,BOS,3448,LGA,3697,,0,E90 319,2
58676,US,5265,BOS,3448,ORD,3830,,0,738,2
58677,US,5265,BOS,3448,PHL,3752,,0,E90 319 321 320,2
58750,US,5265,CLT,3876,ATL,3682,,0,320 321 319,2
58812,US,5265,CLT,3876,LGA,3697,,0,321 320 319,2
59005,US,5265,DEN,3751,DFW,3670,,0,738 M83 M80,2
59006,US,5265,DEN,3751,LAX,3484,,0,CR7,2
59008,US,5265,DEN,3751,ORD,3830,,0,CR7,2
59010,US,5265,DEN,3751,PHX,3462,,0,320 321,2
59017,US,5265,DFW,3670,ATL,3682,Y,0,M83 M80 319,2
59025,US,5265,DFW,3670,BOS,3448,,0,738 757,2
59051,US,5265,DFW,3670,DEN,3751,,0,738 M80 M83,2
59090,US,5265,DFW,3670,LAS,3877,,0,738 M80 M83 757,2
59092,US,5265,DFW,3670,LAX,3484,Y,0,738 763 757 M83,2
59097,US,5265,DFW,3670,LGA,3697,,0,738,2
59130,US,5265,DFW,3670,ORD,3830,,0,M80 M83,2
59135,US,5265,DFW,3670,PHL,3752,,0,738 320 319 M83 M80 E90 752,2
59160,US,5265,DFW,3670,SFO,3469,,0,738 757 763,2
59210,US,5265,DTW,3645,LGA,3697,,0,CR7,2
59212,US,5265,DTW,3645,ORD,3830,,0,ERD ER4 E75,2
59237,US,5265,EWR,3494,ORD,3830,,0,CR7 E75,2
59365,US,5265,IAH,3550,LAX,3484,,0,CR7,2
59367,US,5265,IAH,3550,ORD,3830,,0,CR7,2
59436,US,5265,JFK,3797,LAS,3877,,0,738,2
59437,US,5265,JFK,3797,LAX,3484,,0,32B 762,2
59441,US,5265,JFK,3797,MCO,3878,Y,0,763 757,2
59443,US,5265,JFK,3797,MIA,3576,,0,757 738,2
59454,US,5265,JFK,3797,SFO,3469,,0,32B 763,2
59476,US,5265,LAS,3877,DFW,3670,,0,M80 738 M83 757,2
59477,US,5265,LAS,3877,JFK,3797,,0,738,2
59478,US,5265,LAS,3877,LAX,3484,,0,738,2
59480,US,5265,LAS,3877,ORD,3830,,0,M83 738,2
59489,US,5265,LAX,3484,BOS,3448,,0,757 738,2
59493,US,5265,LAX,3484,DEN,3751,,0,CR7,2
59494,US,5265,LAX,3484,DFW,3670,Y,0,738 763 757 M83,2
59502,US,5265,LAX,3484,IAH,3550,,0,CR7,2
59505,US,5265,LAX,3484,JFK,3797,,0,32B 762,2
59507,US,5265,LAX,3484,LAS,3877,,0,738,2
59516,US,5265,LAX,3484,ORD,3830,,0,738,2
59530,US,5265,LAX,3484,SFO,3469,,0,738,2
59548,US,5265,LGA,3697,BOS,3448,,0,319 E90,2
59550,US,5265,LGA,3697,CLT,3876,,0,321 319 320,2
59554,US,5265,LGA,3697,DFW,3670,,0,738,2
59555,US,5265,LGA,3697,DTW,3645,,0,CR7,2
59559,US,5265,LGA,3697,MIA,3576,,0,738,2
59560,US,5265,LGA,3697,ORD,3830,,0,738,2
59645,US,5265,MCO,3878,PHL,3752,,0,321 762 752 320 332,2
59676,US,5265,MIA,3576,ATL,3682,Y,0,ERD 738 ER4,2
59724,US,5265,MIA,3576,JFK,3797,,0,763 757 738,2
59728,US,5265,MIA,3576,LGA,3697,,0,738,2
59810,US,5265,MSP,3858,ORD,3830,,0,E75,2
59872,US,5265,ORD,3830,ATL,3682,Y,0,E75 CR7,2
59878,US,5265,ORD,3830,BOS,3448,,0,738,2
59896,US,5265,ORD,3830,DEN,3751,,0,CR7,2
59897,US,5265,ORD,3830,DFW,3670,Y,0,M80 M83 738,2
59899,US,5265,ORD,3830,DTW,3645,,0,ERD ER4 E75,2
59904,US,5265,ORD,3830,EWR,3494,,0,CR7 E75,2
59915,US,5265,ORD,3830,IAH,3550,,0,CR7,2
59921,US,5265,ORD,3830,LAS,3877,,0,738 M83,2
59922,US,5265,ORD,3830,LAX,3484,,0,738,2
59924,US,5265,ORD,3830,LGA,3697,,0,738,2
59941,US,5265,ORD,3830,MSP,3858,,0,E75,2
59949,US,5265,ORD,3830,PHL,3752,,0,320 321 319 E90,2
59950,US,5265,ORD,3830,PHX,3462,,0,321 738 M83 320 M80,2
59965,US,5265,ORD,3830,SEA,3577,,0,738,2
59966,US,5265,ORD,3830,SFO,3469,,0,738,2
60021,US,5265,PHL,3752,ATL,3682,,0,E90 319,2
60032,US,5265,PHL,3752,BOS,3448,,0,E90 319 321 320,2
60050,US,5265,PHL,3752,DFW,3670,,0,M83 319 320 738 M80 E90 752,2
60081,US,5265,PHL,3752,MCO,3878,,0,762 321 752 320 332,2
60091,US,5265,PHL,3752,ORD,3830,,0,320 319 321 E90,2
60146,US,5265,PHX,3462,DEN,3751,,0,320 321,2
60181,US,5265,PHX,3462,ORD,3830,,0,M83 320 321 738,2
60344,US,5265,SEA,3577,ORD,3830,,0,738,2
60350,US,5265,SFO,3469,DFW,3670,,0,738 757 763,2
60353,US,5265,SFO,3469,JFK,3797,,0,763 32B,2
60354,US,5265,SFO,3469,LAX,3484,,0,738,2
60356,US,5265,SFO,3469,ORD,3830,,0,738,2
60977,VA,5360,ATL,3682,LAX,3484,Y,0,757 76W 763 739,2
60979,VA,5360,ATL,3682,MIA,3576,Y,0,M88 M90 757 320 73H,2
61088,VA,5360,LAX,3484,ATL,3682,Y,0,763 757 73H 76W,2
61125,VA,5360,MIA,3576,ATL,3682,Y,0,M88 757 M90 73H,2
61658,VS,5347,ATL,3682,BOS,3448,Y,0,M90 757 320 738 M88 319,2
61660,VS,5347,ATL,3682,CLT,3876,Y,0,M88 M90 319,2
61664,VS,5347,ATL,3682,DEN,3751,Y,0,757 M90,2
61665,VS,5347,ATL,3682,DFW,3670,Y,0,M88 738,2
61666,VS,5347,ATL,3682,DTW,3645,Y,0,M90 757,2
61667,VS,5347,ATL,3682,EWR,3494,Y,0,717 319,2
61677,VS,5347,ATL,3682,LAX,3484,Y,0,763 757 739,2
61681,VS,5347,ATL,3682,MCO,3878,Y,0,757 763 739,2
61684,VS,5347,ATL,3682,MIA,3576,Y,0,757 320,2
61688,VS,5347,ATL,3682,ORD,3830,Y,0,757 319 320 M90 M88 717,2
61698,VS,5347,ATL,3682,SFO,3469,Y,0,763 739 757,2
61713,VS,5347,BOS,3448,ATL,3682,Y,0,M90 757 M88 320 319,2
61716,VS,5347,CLT,3876,ATL,3682,Y,0,M90 M88,2
61722,VS,5347,DEN,3751,ATL,3682,Y,0,757 M90 738,2
61723,VS,5347,DFW,3670,ATL,3682,Y,0,M88 319,2
61724,VS,5347,DTW,3645,ATL,3682,Y,0,M88 73H 757 320 738 739,2
61728,VS,5347,EWR,3494,ATL,3682,Y,0,717 319,2
61750,VS,5347,LAX,3484,ATL,3682,Y,0,763 757,2
61797,VS,5347,MCO,3878,ATL,3682,Y,0,76W 757 739,2
61803,VS,5347,MIA,3576,ATL,3682,Y,0,M88 757 M90 73H,2
61814,VS,5347,ORD,3830,ATL,3682,Y,0,717 M88 319,2
61829,VS,5347,SFO,3469,ATL,3682,Y,0,763 739 757,2
61985,VX,5331,BOS,3448,LAX,3484,,0,319 320,2
61986,VX,5331,BOS,3448,SFO,3469,,0,320,2
61990,VX,5331,DFW,3670,LAX,3484,,0,319 320,2
61991,VX,5331,DFW,3670,SFO,3469,,0,319 320,2
61992,VX,5331,EWR,3494,LAX,3484,,0,320,2
61993,VX,5331,EWR,3494,SFO,3469,,0,320,2
61998,VX,5331,JFK,3797,LAS,3877,,0,320,2
61999,VX,5331,JFK,3797,LAX,3484,,0,320,2
62000,VX,5331,JFK,3797,SFO,3469,,0,320,2
62001,VX,5331,LAS,3877,JFK,3797,,0,320,2
62002,VX,5331,LAS,3877,LAX,3484,,0,320,2
62003,VX,5331,LAS,3877,SFO,3469,,0,320 319,2
62004,VX,5331,LAX,3484,BOS,3448,,0,320 319,2
62006,VX,5331,LAX,3484,DFW,3670,,0,319 320,2
62007,VX,5331,LAX,3484,EWR,3494,,0,320,2
62010,VX,5331,LAX,3484,JFK,3797,,0,320,2
62011,VX,5331,LAX,3484,LAS,3877,,0,320,2
62013,VX,5331,LAX,3484,ORD,3830,,0,320,2
62015,VX,5331,LAX,3484,SEA,3577,,0,319 320,2
62016,VX,5331,LAX,3484,SFO,3469,,0,320 319,2
62020,VX,5331,ORD,3830,LAX,3484,,0,320,2
62021,VX,5331,ORD,3830,SFO,3469,,0,320,2
62027,VX,5331,SEA,3577,LAX,3484,,0,320 319,2
62028,VX,5331,SEA,3577,SFO,3469,,0,319 320,2
62030,VX,5331,SFO,3469,BOS,3448,,0,320,2
62033,VX,5331,SFO,3469,DFW,3670,,0,320 319,2
62034,VX,5331,SFO,3469,EWR,3494,,0,320,2
62037,VX,5331,SFO,3469,JFK,3797,,0,320,2
62038,VX,5331,SFO,3469,LAS,3877,,0,319 320,2
62039,VX,5331,SFO,3469,LAX,3484,,0,320 319,2
62041,VX,5331,SFO,3469,ORD,3830,,0,320,2
62046,VX,5331,SFO,3469,SEA,3577,,0,320 319,2
63440,WN,4547,ATL,3682,BOS,3448,,0,73W,2
63448,WN,4547,ATL,3682,DEN,3751,,0,73W,2
63449,WN,4547,ATL,3682,DTW,3645,Y,0,717 73G,2
63455,WN,4547,ATL,3682,LAX,3484,,0,73W,2
63456,WN,4547,ATL,3682,LGA,3697,,0,73W ,2
63459,WN,4547,ATL,3682,MCO,3878,,0,73W 733 73C,2
63462,WN,4547,ATL,3682,MSP,3858,Y,0,717,2
63468,WN,4547,ATL,3682,PHL,3752,,0,733 73W,2
63478,WN,4547,ATL,3682,SFO,3469,,0,73W,2
63559,WN,4547,BOS,3448,ATL,3682,,0,73W,2
63700,WN,4547,DEN,3751,ATL,3682,,0,73W,2
63720,WN,4547,DEN,3751,LAS,3877,,0,73W 73C 73H 738,2
63721,WN,4547,DEN,3751,LAX,3484,,0,733 73H 73C 73W,2
63727,WN,4547,DEN,3751,MSP,3858,,0,73W 73H 733 73C,2
63735,WN,4547,DEN,3751,PHX,3462,,0,73W 73C 73H 733,2
63742,WN,4547,DEN,3751,SEA,3577,,0,73W 73H,2
63743,WN,4547,DEN,3751,SFO,3469,,0,73W,2
63755,WN,4547,DTW,3645,ATL,3682,Y,0,717 73G,2
63924,WN,4547,LAS,3877,DEN,3751,,0,73W 73H 73C 733 738,2
63935,WN,4547,LAS,3877,LAX,3484,,0,73W 73C 733,2
63958,WN,4547,LAS,3877,SFO,3469,,0,733 73W 73H 73C,2
63968,WN,4547,LAX,3484,ATL,3682,,0,73W,2
63972,WN,4547,LAX,3484,DEN,3751,,0,73W 73C 733,2
63975,WN,4547,LAX,3484,LAS,3877,,0,73W 733 738 73C 73H,2
63984,WN,4547,LAX,3484,SFO,3469,,0,73W 73C 733,2
63993,WN,4547,LGA,3697,ATL,3682,,0,73W,2
64036,WN,4547,MCO,3878,ATL,3682,,0,73W,2
64065,WN,4547,MCO,3878,PHL,3752,,0,73W 733,2
64166,WN,4547,MSP,3858,ATL,3682,Y,0,717,2
64167,WN,4547,MSP,3858,DEN,3751,,0,73W 73H 73C,2
64252,WN,4547,PHL,3752,ATL,3682,Y,0,717,2
64257,WN,4547,PHL,3752,MCO,3878,,0,73W 73C 733,2
64272,WN,4547,PHX,3462,DEN,3751,,0,73W 73H 73C 733,2
64416,WN,4547,SEA,3577,DEN,3751,,0,73W 733 73C,2
64426,WN,4547,SFO,3469,ATL,3682,,0,73W,2
64427,WN,4547,SFO,3469,DEN,3751,,0,73C 73W,2
64428,WN,4547,SFO,3469,LAS,3877,,0,73W 73C 733 73H,2
64429,WN,4547,SFO,3469,LAX,3484,,0,733 73W 73C,2
64569,WS,5416,ATL,3682,LGA,3697,Y,0,320 757 M88 738 739 73H 73W,2
64610,WS,5416,LGA,3697,ATL,3682,Y,0,M88 757 320 738 739 73W,2
